cod,titlu,pret,kit,tableta,frame
KIT-044+EDT-E211-RK,Navigatie Honda Civic 2005-2011 Kit-044 Edotec  4+64 10.5 inch Incell 1K android Wifi 5Ghz gps internet,,KIT-044,EDT-E211-RK,"9"""
KIT-044+EDT-E212-RK,Navigatie Honda Civic 2005-2011 K-044 Edotec 4+64 12.3 inch Incell 1K android Wifi 5Ghz gps internet,,KIT-044,EDT-E212-RK,"9"""
KIT-044+EDT-E309V3,Navigatie Honda Civic 2005-2011 B-044 Android Ecran QLED octa core 4+64 carplay android auto,,KIT-044,EDT-E309V3,"9"""
KIT-044+EDT-E413V3,"Navigatie Honda Civic 2005-2011 N-044 Edonav ecran 13"" 1K 4+64 Android Waze USB Navigatie 4G 360 Toslink",,KIT-044,EDT-E413V3,"9"""
KIT-044+EDT-E424,Navigatie Honda Civic 2005-2011 Kit-044 Edotec 2 ecrane  8 core 4+128 21.6 inch Incell android Wifi 5Ghz gps internet,,KIT-044,EDT-E424,"9"""
KIT-044+EDT-E509-PRO,Navigatie Honda Civic 2005-2011 E-044 Octa Core cu Android Radio Bluetooth Internet GPS WIFI DSP 4+64GB 4G RESIGILAT,,KIT-044,EDT-E509-PRO,"9"""
KIT-044+EDT-E609,Navigatie Honda Civic 2005-2011 F-044 Octa Core cu Android Radio Bluetooth Internet GPS WIFI DSP 8+128GB 4G,,KIT-044,EDT-E609,"9"""
KIT-044+EDT-E708,"Navigatie Honda Civic 2005-2011 K-044 ecran tip TESLA 9.7"" cu Android Radio Bluetooth Internet GPS WIFI 2+32GB DSP 4G",,KIT-044,EDT-E708,"9"""
KIT-044+EDT-E709,"Navigatie Honda Civic 2005-2011 G-044 ecran tip TESLA 9.7"" cu Android Radio Bluetooth Internet GPS WIFI 4+32GB DSP 4G",,KIT-044,EDT-E709,"9"""
KIT-044+NAM5960Pro-A9Z,Navigatie Honda Civic 2005-2011 5960Pro-044 Android Octa Core Qualcomm 2K Qled 8+128 DTS DSP 360 4G Optical,,KIT-044,NAM5960Pro-A9Z,"9"""
KIT-044+LITE-D4-9-4+64,Navigatie Honda Civic 2005-2011 Kit-044 4+64 GB Android Waze USB Navigatie Internet Youtube Radio,,KIT-044,LITE-D4-9-4+64,"9"""
KIT-044+PRO-2K-9-4+64,Navigatie Honda Civic 2005-2011 Kit-044 8 core QLED 2K 4+64 360 Android Waze USB Navigatie Internet Youtube Radio,,KIT-044,PRO-2K-9-4+64,"9"""
KIT-044+PRO-2K-9-8+256,Navigatie Honda Civic 2005-2011 Kit-044 8 core QLED 2K 8+256 360 Android Waze USB Navigatie Internet Youtube Radio,,KIT-044,PRO-2K-9-8+256,"9"""
KIT-044+PRO-2K-9-12+256,Navigatie Honda Civic 2005-2011 Kit-044 8 core QLED 2K 12+256 360 Android Waze USB Navigatie Internet Youtube Radio,,KIT-044,PRO-2K-9-12+256,"9"""
KIT-044+ULTRA-9-4+64,Navigatie Honda Civic 2005-2011 Kit-044 8 core QLED Qualcomm 4+64 360 Android Waze USB Navigatie Internet Youtube Radio,,KIT-044,ULTRA-9-4+64,"9"""
KIT-044+ULTRA-2K-9-8+128,Navigatie Honda Civic 2005-2011 M-044 Octa Core Android Radio Bluetooth GPS WIFI/4G DSP 2K 8+128GB 360 Toslink,,KIT-044,ULTRA-2K-9-8+128,"9"""
KIT-124+EDT-E211-RK,Navigatie Suzuki SX4 2006-2013 Kit-124 Edotec  4+64 10.5 inch Incell 1K android Wifi 5Ghz gps internet,,KIT-124,EDT-E211-RK,"9"""
KIT-124+EDT-E212-RK,Navigatie Suzuki SX4 2006-2013 K-124 Edotec 4+64 12.3 inch Incell 1K android Wifi 5Ghz gps internet,,KIT-124,EDT-E212-RK,"9"""
KIT-124+EDT-E309V3,Navigatie Suzuki SX4 2006-2013 B-124 Android Ecran QLED octa core 4+64 carplay android auto,,KIT-124,EDT-E309V3,"9"""
KIT-124+EDT-E413V3,"Navigatie Suzuki SX4 2006-2013 N-124 Edonav ecran 13"" 1K 4+64 Android Waze USB Navigatie 4G 360 Toslink",,KIT-124,EDT-E413V3,"9"""
KIT-124+EDT-E424,Navigatie Suzuki SX4 2006-2013 Kit-124 Edotec 2 ecrane  8 core 4+128 21.6 inch Incell android Wifi 5Ghz gps internet,,KIT-124,EDT-E424,"9"""
KIT-124+EDT-E509-PRO,Navigatie Suzuki SX4 2006-2013 E-124 Octa Core cu Android Radio Bluetooth Internet GPS WIFI DSP 4+64GB 4G RESIGILAT,,KIT-124,EDT-E509-PRO,"9"""
KIT-124+EDT-E609,Navigatie Suzuki SX4 2006-2013 F-124 Octa Core cu Android Radio Bluetooth Internet GPS WIFI DSP 8+128GB 4G,,KIT-124,EDT-E609,"9"""
KIT-124+EDT-E708,"Navigatie Suzuki SX4 2006-2013 K-124 ecran tip TESLA 9.7"" cu Android Radio Bluetooth Internet GPS WIFI 2+32GB DSP 4G",,KIT-124,EDT-E708,"9"""
KIT-124+EDT-E709,"Navigatie Suzuki SX4 2006-2013 G-124 ecran tip TESLA 9.7"" cu Android Radio Bluetooth Internet GPS WIFI 4+32GB DSP 4G",,KIT-124,EDT-E709,"9"""
KIT-124+NAM5960Pro-A9Z,Navigatie Suzuki SX4 2006-2013 5960Pro-124 Android Octa Core Qualcomm 2K Qled 8+128 DTS DSP 360 4G Optical,,KIT-124,NAM5960Pro-A9Z,"9"""
KIT-124+LITE-D4-9-4+64,Navigatie Suzuki SX4 2006-2013 Kit-124 4+64 GB Android Waze USB Navigatie Internet Youtube Radio,,KIT-124,LITE-D4-9-4+64,"9"""
KIT-124+PRO-2K-9-4+64,Navigatie Suzuki SX4 2006-2013 Kit-124 8 core QLED 2K 4+64 360 Android Waze USB Navigatie Internet Youtube Radio,,KIT-124,PRO-2K-9-4+64,"9"""
KIT-124+PRO-2K-9-8+256,Navigatie Suzuki SX4 2006-2013 Kit-124 8 core QLED 2K 8+256 360 Android Waze USB Navigatie Internet Youtube Radio,,KIT-124,PRO-2K-9-8+256,"9"""
KIT-124+PRO-2K-9-12+256,Navigatie Suzuki SX4 2006-2013 Kit-124 8 core QLED 2K 12+256 360 Android Waze USB Navigatie Internet Youtube Radio,,KIT-124,PRO-2K-9-12+256,"9"""
KIT-124+ULTRA-9-4+64,Navigatie Suzuki SX4 2006-2013 Kit-124 8 core QLED Qualcomm 4+64 360 Android Waze USB Navigatie Internet Youtube Radio,,KIT-124,ULTRA-9-4+64,"9"""
KIT-124+ULTRA-2K-9-8+128,Navigatie Suzuki SX4 2006-2013 M-124 Octa Core Android Radio Bluetooth GPS WIFI/4G DSP 2K 8+128GB 360 Toslink,,KIT-124,ULTRA-2K-9-8+128,"9"""
KIT-173+EDT-E211-RK,Navigatie Volvo XC90 Kit-173 Edotec  4+64 10.5 inch Incell 1K android Wifi 5Ghz gps internet,,KIT-173,EDT-E211-RK,"9"""
KIT-173+EDT-E212-RK,Navigatie Volvo XC90 K-173 Edotec 4+64 12.3 inch Incell 1K android Wifi 5Ghz gps internet,,KIT-173,EDT-E212-RK,"9"""
KIT-173+EDT-E309V3,Navigatie Volvo XC90 B-173 Android Ecran QLED octa core 4+64 carplay android auto,,KIT-173,EDT-E309V3,"9"""
KIT-173+EDT-E413V3,"Navigatie Volvo XC90 N-173 Edonav ecran 13"" 1K 4+64 Android Waze USB Navigatie 4G 360 Toslink",,KIT-173,EDT-E413V3,"9"""
KIT-173+EDT-E424,Navigatie Volvo XC90 Kit-173 Edotec 2 ecrane  8 core 4+128 21.6 inch Incell android Wifi 5Ghz gps internet,,KIT-173,EDT-E424,"9"""
KIT-173+EDT-E509-PRO,Navigatie Volvo XC90 E-173 Octa Core cu Android Radio Bluetooth Internet GPS WIFI DSP 4+64GB 4G RESIGILAT,,KIT-173,EDT-E509-PRO,"9"""
KIT-173+EDT-E609,Navigatie Volvo XC90 F-173 Octa Core cu Android Radio Bluetooth Internet GPS WIFI DSP 8+128GB 4G,,KIT-173,EDT-E609,"9"""
KIT-173+EDT-E708,"Navigatie Volvo XC90 K-173 ecran tip TESLA 9.7"" cu Android Radio Bluetooth Internet GPS WIFI 2+32GB DSP 4G",,KIT-173,EDT-E708,"9"""
KIT-173+EDT-E709,"Navigatie Volvo XC90 G-173 ecran tip TESLA 9.7"" cu Android Radio Bluetooth Internet GPS WIFI 4+32GB DSP 4G",,KIT-173,EDT-E709,"9"""
KIT-173+NAM5960Pro-A9Z,Navigatie Volvo XC90 5960Pro-173 Android Octa Core Qualcomm 2K Qled 8+128 DTS DSP 360 4G Optical,,KIT-173,NAM5960Pro-A9Z,"9"""
KIT-173+LITE-D4-9-4+64,Navigatie Volvo XC90 Kit-173 4+64 GB Android Waze USB Navigatie Internet Youtube Radio,,KIT-173,LITE-D4-9-4+64,"9"""
KIT-173+PRO-2K-9-4+64,Navigatie Volvo XC90 Kit-173 8 core QLED 2K 4+64 360 Android Waze USB Navigatie Internet Youtube Radio,,KIT-173,PRO-2K-9-4+64,"9"""
KIT-173+PRO-2K-9-8+256,Navigatie Volvo XC90 Kit-173 8 core QLED 2K 8+256 360 Android Waze USB Navigatie Internet Youtube Radio,,KIT-173,PRO-2K-9-8+256,"9"""
KIT-173+PRO-2K-9-12+256,Navigatie Volvo XC90 Kit-173 8 core QLED 2K 12+256 360 Android Waze USB Navigatie Internet Youtube Radio,,KIT-173,PRO-2K-9-12+256,"9"""
KIT-173+ULTRA-9-4+64,Navigatie Volvo XC90 Kit-173 8 core QLED Qualcomm 4+64 360 Android Waze USB Navigatie Internet Youtube Radio,,KIT-173,ULTRA-9-4+64,"9"""
KIT-173+ULTRA-2K-9-8+128,Navigatie Volvo XC90 M-173 Octa Core Android Radio Bluetooth GPS WIFI/4G DSP 2K 8+128GB 360 Toslink,,KIT-173,ULTRA-2K-9-8+128,"9"""
KIT-179+EDT-E211-RK,Navigatie Suzuki Swift 2010-2017 Kit-179 Edotec  4+64 10.5 inch Incell 1K android Wifi 5Ghz gps internet,,KIT-179,EDT-E211-RK,"9"""
KIT-179+EDT-E212-RK,Navigatie Suzuki Swift 2010-2017 K-179 Edotec 4+64 12.3 inch Incell 1K android Wifi 5Ghz gps internet,,KIT-179,EDT-E212-RK,"9"""
KIT-179+EDT-E309V3,Navigatie Suzuki Swift 2010-2017 B-179 Android Ecran QLED octa core 4+64 carplay android auto,,KIT-179,EDT-E309V3,"9"""
KIT-179+EDT-E413V3,"Navigatie Suzuki Swift 2010-2017 N-179 Edonav ecran 13"" 1K 4+64 Android Waze USB Navigatie 4G 360 Toslink",,KIT-179,EDT-E413V3,"9"""
KIT-179+EDT-E424,Navigatie Suzuki Swift 2010-2017 Kit-179 Edotec 2 ecrane  8 core 4+128 21.6 inch Incell android Wifi 5Ghz gps internet,,KIT-179,EDT-E424,"9"""
KIT-179+EDT-E509-PRO,Navigatie Suzuki Swift 2010-2017 E-179 Octa Core cu Android Radio Bluetooth Internet GPS WIFI DSP 4+64GB 4G RESIGILAT,,KIT-179,EDT-E509-PRO,"9"""
KIT-179+EDT-E609,Navigatie Suzuki Swift 2010-2017 F-179 Octa Core cu Android Radio Bluetooth Internet GPS WIFI DSP 8+128GB 4G,,KIT-179,EDT-E609,"9"""
KIT-179+EDT-E708,"Navigatie Suzuki Swift 2010-2017 K-179 ecran tip TESLA 9.7"" cu Android Radio Bluetooth Internet GPS WIFI 2+32GB DSP 4G",,KIT-179,EDT-E708,"9"""
KIT-179+EDT-E709,"Navigatie Suzuki Swift 2010-2017 G-179 ecran tip TESLA 9.7"" cu Android Radio Bluetooth Internet GPS WIFI 4+32GB DSP 4G",,KIT-179,EDT-E709,"9"""
KIT-179+NAM5960Pro-A9Z,Navigatie Suzuki Swift 2010-2017 5960Pro-179 Android Octa Core Qualcomm 2K Qled 8+128 DTS DSP 360 4G Optical,,KIT-179,NAM5960Pro-A9Z,"9"""
KIT-179+LITE-D4-9-4+64,Navigatie Suzuki Swift 2010-2017 Kit-179 4+64 GB Android Waze USB Navigatie Internet Youtube Radio,,KIT-179,LITE-D4-9-4+64,"9"""
KIT-179+PRO-2K-9-4+64,Navigatie Suzuki Swift 2010-2017 Kit-179 8 core QLED 2K 4+64 360 Android Waze USB Navigatie Internet Youtube Radio,,KIT-179,PRO-2K-9-4+64,"9"""
KIT-179+PRO-2K-9-8+256,Navigatie Suzuki Swift 2010-2017 Kit-179 8 core QLED 2K 8+256 360 Android Waze USB Navigatie Internet Youtube Radio,,KIT-179,PRO-2K-9-8+256,"9"""
KIT-179+PRO-2K-9-12+256,Navigatie Suzuki Swift 2010-2017 Kit-179 8 core QLED 2K 12+256 360 Android Waze USB Navigatie Internet Youtube Radio,,KIT-179,PRO-2K-9-12+256,"9"""
KIT-179+ULTRA-9-4+64,Navigatie Suzuki Swift 2010-2017 Kit-179 8 core QLED Qualcomm 4+64 360 Android Waze USB Navigatie Internet Youtube Radio,,KIT-179,ULTRA-9-4+64,"9"""
KIT-179+ULTRA-2K-9-8+128,Navigatie Suzuki Swift 2010-2017 M-179 Octa Core Android Radio Bluetooth GPS WIFI/4G DSP 2K 8+128GB 360 Toslink,,KIT-179,ULTRA-2K-9-8+128,"9"""
KIT-212+EDT-E211-RK,Navigatie MAZDA CX-5 2012- Manual Kit-212 Edotec  4+64 10.5 inch Incell 1K android Wifi 5Ghz gps internet,,KIT-212,EDT-E211-RK,"9"""
KIT-212+EDT-E212-RK,Navigatie MAZDA CX-5 2012- Manual K-212 Edotec 4+64 12.3 inch Incell 1K android Wifi 5Ghz gps internet,,KIT-212,EDT-E212-RK,"9"""
KIT-212+EDT-E309V3,Navigatie MAZDA CX-5 2012- Manual B-212 Android Ecran QLED octa core 4+64 carplay android auto,,KIT-212,EDT-E309V3,"9"""
KIT-212+EDT-E413V3,"Navigatie MAZDA CX-5 2012- Manual N-212 Edonav ecran 13"" 1K 4+64 Android Waze USB Navigatie 4G 360 Toslink",,KIT-212,EDT-E413V3,"9"""
KIT-212+EDT-E424,Navigatie MAZDA CX-5 2012- Manual Kit-212 Edotec 2 ecrane  8 core 4+128 21.6 inch Incell android Wifi 5Ghz gps internet,,KIT-212,EDT-E424,"9"""
KIT-212+EDT-E509-PRO,Navigatie MAZDA CX-5 2012- Manual E-212 Octa Core cu Android Radio Bluetooth Internet GPS WIFI DSP 4+64GB 4G RESIGILAT,,KIT-212,EDT-E509-PRO,"9"""
KIT-212+EDT-E609,Navigatie MAZDA CX-5 2012- Manual F-212 Octa Core cu Android Radio Bluetooth Internet GPS WIFI DSP 8+128GB 4G,,KIT-212,EDT-E609,"9"""
KIT-212+EDT-E708,"Navigatie MAZDA CX-5 2012- Manual K-212 ecran tip TESLA 9.7"" cu Android Radio Bluetooth Internet GPS WIFI 2+32GB DSP 4G",,KIT-212,EDT-E708,"9"""
KIT-212+EDT-E709,"Navigatie MAZDA CX-5 2012- Manual G-212 ecran tip TESLA 9.7"" cu Android Radio Bluetooth Internet GPS WIFI 4+32GB DSP 4G",,KIT-212,EDT-E709,"9"""
KIT-212+NAM5960Pro-A9Z,Navigatie MAZDA CX-5 2012- Manual 5960Pro-212 Android Octa Core Qualcomm 2K Qled 8+128 DTS DSP 360 4G Optical,,KIT-212,NAM5960Pro-A9Z,"9"""
KIT-212+LITE-D4-9-4+64,Navigatie MAZDA CX-5 2012- Manual Kit-212 4+64 GB Android Waze USB Navigatie Internet Youtube Radio,,KIT-212,LITE-D4-9-4+64,"9"""
KIT-212+PRO-2K-9-4+64,Navigatie MAZDA CX-5 2012- Manual Kit-212 8 core QLED 2K 4+64 360 Android Waze USB Navigatie Internet Youtube Radio,,KIT-212,PRO-2K-9-4+64,"9"""
KIT-212+PRO-2K-9-8+256,Navigatie MAZDA CX-5 2012- Manual Kit-212 8 core QLED 2K 8+256 360 Android Waze USB Navigatie Internet Youtube Radio,,KIT-212,PRO-2K-9-8+256,"9"""
KIT-212+PRO-2K-9-12+256,Navigatie MAZDA CX-5 2012- Manual Kit-212 8 core QLED 2K 12+256 360 Android Waze USB Navigatie Internet Youtube Radio,,KIT-212,PRO-2K-9-12+256,"9"""
KIT-212+ULTRA-9-4+64,Navigatie MAZDA CX-5 2012- Manual Kit-212 8 core QLED Qualcomm 4+64 360 Android Waze USB Navigatie Internet Youtube Radio,,KIT-212,ULTRA-9-4+64,"9"""
KIT-212+ULTRA-2K-9-8+128,Navigatie MAZDA CX-5 2012- Manual M-212 Octa Core Android Radio Bluetooth GPS WIFI/4G DSP 2K 8+128GB 360 Toslink,,KIT-212,ULTRA-2K-9-8+128,"9"""
KIT-219+EDT-E211-RK,Navigatie BMW X1 E84 Kit-219 Edotec  4+64 10.5 inch Incell 1K android Wifi 5Ghz gps internet,,KIT-219,EDT-E211-RK,"9"""
KIT-219+EDT-E212-RK,Navigatie BMW X1 E84 K-219 Edotec 4+64 12.3 inch Incell 1K android Wifi 5Ghz gps internet,,KIT-219,EDT-E212-RK,"9"""
KIT-219+EDT-E309V3,Navigatie BMW X1 E84 B-219 Android Ecran QLED octa core 4+64 carplay android auto,,KIT-219,EDT-E309V3,"9"""
KIT-219+EDT-E413V3,"Navigatie BMW X1 E84 N-219 Edonav ecran 13"" 1K 4+64 Android Waze USB Navigatie 4G 360 Toslink",,KIT-219,EDT-E413V3,"9"""
KIT-219+EDT-E424,Navigatie BMW X1 E84 Kit-219 Edotec 2 ecrane  8 core 4+128 21.6 inch Incell android Wifi 5Ghz gps internet,,KIT-219,EDT-E424,"9"""
KIT-219+EDT-E509-PRO,Navigatie BMW X1 E84 E-219 Octa Core cu Android Radio Bluetooth Internet GPS WIFI DSP 4+64GB 4G RESIGILAT,,KIT-219,EDT-E509-PRO,"9"""
KIT-219+EDT-E609,Navigatie BMW X1 E84 F-219 Octa Core cu Android Radio Bluetooth Internet GPS WIFI DSP 8+128GB 4G,,KIT-219,EDT-E609,"9"""
KIT-219+EDT-E708,"Navigatie BMW X1 E84 K-219 ecran tip TESLA 9.7"" cu Android Radio Bluetooth Internet GPS WIFI 2+32GB DSP 4G",,KIT-219,EDT-E708,"9"""
KIT-219+EDT-E709,"Navigatie BMW X1 E84 G-219 ecran tip TESLA 9.7"" cu Android Radio Bluetooth Internet GPS WIFI 4+32GB DSP 4G",,KIT-219,EDT-E709,"9"""
KIT-219+NAM5960Pro-A9Z,Navigatie BMW X1 E84 5960Pro-219 Android Octa Core Qualcomm 2K Qled 8+128 DTS DSP 360 4G Optical,,KIT-219,NAM5960Pro-A9Z,"9"""
KIT-219+LITE-D4-9-4+64,Navigatie BMW X1 E84 Kit-219 4+64 GB Android Waze USB Navigatie Internet Youtube Radio,,KIT-219,LITE-D4-9-4+64,"9"""
KIT-219+PRO-2K-9-4+64,Navigatie BMW X1 E84 Kit-219 8 core QLED 2K 4+64 360 Android Waze USB Navigatie Internet Youtube Radio,,KIT-219,PRO-2K-9-4+64,"9"""
KIT-219+PRO-2K-9-8+256,Navigatie BMW X1 E84 Kit-219 8 core QLED 2K 8+256 360 Android Waze USB Navigatie Internet Youtube Radio,,KIT-219,PRO-2K-9-8+256,"9"""
KIT-219+PRO-2K-9-12+256,Navigatie BMW X1 E84 Kit-219 8 core QLED 2K 12+256 360 Android Waze USB Navigatie Internet Youtube Radio,,KIT-219,PRO-2K-9-12+256,"9"""
KIT-219+ULTRA-9-4+64,Navigatie BMW X1 E84 Kit-219 8 core QLED Qualcomm 4+64 360 Android Waze USB Navigatie Internet Youtube Radio,,KIT-219,ULTRA-9-4+64,"9"""
KIT-219+ULTRA-2K-9-8+128,Navigatie BMW X1 E84 M-219 Octa Core Android Radio Bluetooth GPS WIFI/4G DSP 2K 8+128GB 360 Toslink,,KIT-219,ULTRA-2K-9-8+128,"9"""
KIT-223+EDT-E211-RK,Navigatie Mazda 6 2013-2017 Kit-223 Edotec  4+64 10.5 inch Incell 1K android Wifi 5Ghz gps internet,,KIT-223,EDT-E211-RK,"9"""
KIT-223+EDT-E212-RK,Navigatie Mazda 6 2013-2017 K-223 Edotec 4+64 12.3 inch Incell 1K android Wifi 5Ghz gps internet,,KIT-223,EDT-E212-RK,"9"""
KIT-223+EDT-E309V3,Navigatie Mazda 6 2013-2017 B-223 Android Ecran QLED octa core 4+64 carplay android auto,,KIT-223,EDT-E309V3,"9"""
KIT-223+EDT-E413V3,"Navigatie Mazda 6 2013-2017 N-223 Edonav ecran 13"" 1K 4+64 Android Waze USB Navigatie 4G 360 Toslink",,KIT-223,EDT-E413V3,"9"""
KIT-223+EDT-E424,Navigatie Mazda 6 2013-2017 Kit-223 Edotec 2 ecrane  8 core 4+128 21.6 inch Incell android Wifi 5Ghz gps internet,,KIT-223,EDT-E424,"9"""
KIT-223+EDT-E509-PRO,Navigatie Mazda 6 2013-2017 E-223 Octa Core cu Android Radio Bluetooth Internet GPS WIFI DSP 4+64GB 4G RESIGILAT,,KIT-223,EDT-E509-PRO,"9"""
KIT-223+EDT-E609,Navigatie Mazda 6 2013-2017 F-223 Octa Core cu Android Radio Bluetooth Internet GPS WIFI DSP 8+128GB 4G,,KIT-223,EDT-E609,"9"""
KIT-223+EDT-E708,"Navigatie Mazda 6 2013-2017 K-223 ecran tip TESLA 9.7"" cu Android Radio Bluetooth Internet GPS WIFI 2+32GB DSP 4G",,KIT-223,EDT-E708,"9"""
KIT-223+EDT-E709,"Navigatie Mazda 6 2013-2017 G-223 ecran tip TESLA 9.7"" cu Android Radio Bluetooth Internet GPS WIFI 4+32GB DSP 4G",,KIT-223,EDT-E709,"9"""
KIT-223+NAM5960Pro-A9Z,Navigatie Mazda 6 2013-2017 5960Pro-223 Android Octa Core Qualcomm 2K Qled 8+128 DTS DSP 360 4G Optical,,KIT-223,NAM5960Pro-A9Z,"9"""
KIT-223+LITE-D4-9-4+64,Navigatie Mazda 6 2013-2017 Kit-223 4+64 GB Android Waze USB Navigatie Internet Youtube Radio,,KIT-223,LITE-D4-9-4+64,"9"""
KIT-223+PRO-2K-9-4+64,Navigatie Mazda 6 2013-2017 Kit-223 8 core QLED 2K 4+64 360 Android Waze USB Navigatie Internet Youtube Radio,,KIT-223,PRO-2K-9-4+64,"9"""
KIT-223+PRO-2K-9-8+256,Navigatie Mazda 6 2013-2017 Kit-223 8 core QLED 2K 8+256 360 Android Waze USB Navigatie Internet Youtube Radio,,KIT-223,PRO-2K-9-8+256,"9"""
KIT-223+PRO-2K-9-12+256,Navigatie Mazda 6 2013-2017 Kit-223 8 core QLED 2K 12+256 360 Android Waze USB Navigatie Internet Youtube Radio,,KIT-223,PRO-2K-9-12+256,"9"""
KIT-223+ULTRA-9-4+64,Navigatie Mazda 6 2013-2017 Kit-223 8 core QLED Qualcomm 4+64 360 Android Waze USB Navigatie Internet Youtube Radio,,KIT-223,ULTRA-9-4+64,"9"""
KIT-223+ULTRA-2K-9-8+128,Navigatie Mazda 6 2013-2017 M-223 Octa Core Android Radio Bluetooth GPS WIFI/4G DSP 2K 8+128GB 360 Toslink,,KIT-223,ULTRA-2K-9-8+128,"9"""
KIT-469+EDT-E211-RK,Navigatie Honda CRV 2012-2016 Kit-469 Edotec  4+64 10.5 inch Incell 1K android Wifi 5Ghz gps internet,,KIT-469,EDT-E211-RK,"9"""
KIT-469+EDT-E212-RK,Navigatie Honda CRV 2012-2016 K-469 Edotec 4+64 12.3 inch Incell 1K android Wifi 5Ghz gps internet,,KIT-469,EDT-E212-RK,"9"""
KIT-469+EDT-E309V3,Navigatie Honda CRV 2012-2016 B-469 Android Ecran QLED octa core 4+64 carplay android auto,,KIT-469,EDT-E309V3,"9"""
KIT-469+EDT-E413V3,"Navigatie Honda CRV 2012-2016 N-469 Edonav ecran 13"" 1K 4+64 Android Waze USB Navigatie 4G 360 Toslink",,KIT-469,EDT-E413V3,"9"""
KIT-469+EDT-E424,Navigatie Honda CRV 2012-2016 Kit-469 Edotec 2 ecrane  8 core 4+128 21.6 inch Incell android Wifi 5Ghz gps internet,,KIT-469,EDT-E424,"9"""
KIT-469+EDT-E509-PRO,Navigatie Honda CRV 2012-2016 E-469 Octa Core cu Android Radio Bluetooth Internet GPS WIFI DSP 4+64GB 4G RESIGILAT,,KIT-469,EDT-E509-PRO,"9"""
KIT-469+EDT-E609,Navigatie Honda CRV 2012-2016 F-469 Octa Core cu Android Radio Bluetooth Internet GPS WIFI DSP 8+128GB 4G,,KIT-469,EDT-E609,"9"""
KIT-469+EDT-E708,"Navigatie Honda CRV 2012-2016 K-469 ecran tip TESLA 9.7"" cu Android Radio Bluetooth Internet GPS WIFI 2+32GB DSP 4G",,KIT-469,EDT-E708,"9"""
KIT-469+EDT-E709,"Navigatie Honda CRV 2012-2016 G-469 ecran tip TESLA 9.7"" cu Android Radio Bluetooth Internet GPS WIFI 4+32GB DSP 4G",,KIT-469,EDT-E709,"9"""
KIT-469+NAM5960Pro-A9Z,Navigatie Honda CRV 2012-2016 5960Pro-469 Android Octa Core Qualcomm 2K Qled 8+128 DTS DSP 360 4G Optical,,KIT-469,NAM5960Pro-A9Z,"9"""
KIT-469+LITE-D4-9-4+64,Navigatie Honda CRV 2012-2016 Kit-469 4+64 GB Android Waze USB Navigatie Internet Youtube Radio,,KIT-469,LITE-D4-9-4+64,"9"""
KIT-469+PRO-2K-9-4+64,Navigatie Honda CRV 2012-2016 Kit-469 8 core QLED 2K 4+64 360 Android Waze USB Navigatie Internet Youtube Radio,,KIT-469,PRO-2K-9-4+64,"9"""
KIT-469+PRO-2K-9-8+256,Navigatie Honda CRV 2012-2016 Kit-469 8 core QLED 2K 8+256 360 Android Waze USB Navigatie Internet Youtube Radio,,KIT-469,PRO-2K-9-8+256,"9"""
KIT-469+PRO-2K-9-12+256,Navigatie Honda CRV 2012-2016 Kit-469 8 core QLED 2K 12+256 360 Android Waze USB Navigatie Internet Youtube Radio,,KIT-469,PRO-2K-9-12+256,"9"""
KIT-469+ULTRA-9-4+64,Navigatie Honda CRV 2012-2016 Kit-469 8 core QLED Qualcomm 4+64 360 Android Waze USB Navigatie Internet Youtube Radio,,KIT-469,ULTRA-9-4+64,"9"""
KIT-469+ULTRA-2K-9-8+128,Navigatie Honda CRV 2012-2016 M-469 Octa Core Android Radio Bluetooth GPS WIFI/4G DSP 2K 8+128GB 360 Toslink,,KIT-469,ULTRA-2K-9-8+128,"9"""
KIT-500NEW+EDT-E211-RK,Navigatie Fiat 500 2015-2021 Kit-500NEW Edotec  4+64 10.5 inch Incell 1K android Wifi 5Ghz gps internet,,KIT-500NEW,EDT-E211-RK,"9"""
KIT-500NEW+EDT-E212-RK,Navigatie Fiat 500 2015-2021 K-500NEW Edotec 4+64 12.3 inch Incell 1K android Wifi 5Ghz gps internet,,KIT-500NEW,EDT-E212-RK,"9"""
KIT-500NEW+EDT-E309V3,Navigatie Fiat 500 2015-2021 B-500NEW Android Ecran QLED octa core 4+64 carplay android auto,,KIT-500NEW,EDT-E309V3,"9"""
KIT-500NEW+EDT-E413V3,"Navigatie Fiat 500 2015-2021 N-500NEW Edonav ecran 13"" 1K 4+64 Android Waze USB Navigatie 4G 360 Toslink",,KIT-500NEW,EDT-E413V3,"9"""
KIT-500NEW+EDT-E424,Navigatie Fiat 500 2015-2021 Kit-500NEW Edotec 2 ecrane  8 core 4+128 21.6 inch Incell android Wifi 5Ghz gps internet,,KIT-500NEW,EDT-E424,"9"""
KIT-500NEW+EDT-E509-PRO,Navigatie Fiat 500 2015-2021 E-500NEW Octa Core cu Android Radio Bluetooth Internet GPS WIFI DSP 4+64GB 4G RESIGILAT,,KIT-500NEW,EDT-E509-PRO,"9"""
KIT-500NEW+EDT-E609,Navigatie Fiat 500 2015-2021 F-500NEW Octa Core cu Android Radio Bluetooth Internet GPS WIFI DSP 8+128GB 4G,,KIT-500NEW,EDT-E609,"9"""
KIT-500NEW+EDT-E708,"Navigatie Fiat 500 2015-2021 K-500NEW ecran tip TESLA 9.7"" cu Android Radio Bluetooth Internet GPS WIFI 2+32GB DSP 4G",,KIT-500NEW,EDT-E708,"9"""
KIT-500NEW+EDT-E709,"Navigatie Fiat 500 2015-2021 G-500NEW ecran tip TESLA 9.7"" cu Android Radio Bluetooth Internet GPS WIFI 4+32GB DSP 4G",,KIT-500NEW,EDT-E709,"9"""
KIT-500NEW+NAM5960Pro-A9Z,Navigatie Fiat 500 2015-2021 5960Pro-500NEW Android Octa Core Qualcomm 2K Qled 8+128 DTS DSP 360 4G Optical,,KIT-500NEW,NAM5960Pro-A9Z,"9"""
KIT-500NEW+LITE-D4-9-4+64,Navigatie Fiat 500 2015-2021 Kit-500NEW 4+64 GB Android Waze USB Navigatie Internet Youtube Radio,,KIT-500NEW,LITE-D4-9-4+64,"9"""
KIT-500NEW+PRO-2K-9-4+64,Navigatie Fiat 500 2015-2021 Kit-500NEW 8 core QLED 2K 4+64 360 Android Waze USB Navigatie Internet Youtube Radio,,KIT-500NEW,PRO-2K-9-4+64,"9"""
KIT-500NEW+PRO-2K-9-8+256,Navigatie Fiat 500 2015-2021 Kit-500NEW 8 core QLED 2K 8+256 360 Android Waze USB Navigatie Internet Youtube Radio,,KIT-500NEW,PRO-2K-9-8+256,"9"""
KIT-500NEW+PRO-2K-9-12+256,Navigatie Fiat 500 2015-2021 Kit-500NEW 8 core QLED 2K 12+256 360 Android Waze USB Navigatie Internet Youtube Radio,,KIT-500NEW,PRO-2K-9-12+256,"9"""
KIT-500NEW+ULTRA-9-4+64,Navigatie Fiat 500 2015-2021 Kit-500NEW 8 core QLED Qualcomm 4+64 360 Android Waze USB Navigatie Internet Youtube Radio,,KIT-500NEW,ULTRA-9-4+64,"9"""
KIT-500NEW+ULTRA-2K-9-8+128,Navigatie Fiat 500 2015-2021 M-500NEW Octa Core Android Radio Bluetooth GPS WIFI/4G DSP 2K 8+128GB 360 Toslink,,KIT-500NEW,ULTRA-2K-9-8+128,"9"""
KIT-517+EDT-E211-RK,Navigatie Hyundai i20 2015-2018 Kit-517 Edotec  4+64 10.5 inch Incell 1K android Wifi 5Ghz gps internet,,KIT-517,EDT-E211-RK,"9"""
KIT-517+EDT-E212-RK,Navigatie Hyundai i20 2015-2018 K-517 Edotec 4+64 12.3 inch Incell 1K android Wifi 5Ghz gps internet,,KIT-517,EDT-E212-RK,"9"""
KIT-517+EDT-E309V3,Navigatie Hyundai i20 2015-2018 B-517 Android Ecran QLED octa core 4+64 carplay android auto,,KIT-517,EDT-E309V3,"9"""
KIT-517+EDT-E413V3,"Navigatie Hyundai i20 2015-2018 N-517 Edonav ecran 13"" 1K 4+64 Android Waze USB Navigatie 4G 360 Toslink",,KIT-517,EDT-E413V3,"9"""
KIT-517+EDT-E424,Navigatie Hyundai i20 2015-2018 Kit-517 Edotec 2 ecrane  8 core 4+128 21.6 inch Incell android Wifi 5Ghz gps internet,,KIT-517,EDT-E424,"9"""
KIT-517+EDT-E509-PRO,Navigatie Hyundai i20 2015-2018 E-517 Octa Core cu Android Radio Bluetooth Internet GPS WIFI DSP 4+64GB 4G RESIGILAT,,KIT-517,EDT-E509-PRO,"9"""
KIT-517+EDT-E609,Navigatie Hyundai i20 2015-2018 F-517 Octa Core cu Android Radio Bluetooth Internet GPS WIFI DSP 8+128GB 4G,,KIT-517,EDT-E609,"9"""
KIT-517+EDT-E708,"Navigatie Hyundai i20 2015-2018 K-517 ecran tip TESLA 9.7"" cu Android Radio Bluetooth Internet GPS WIFI 2+32GB DSP 4G",,KIT-517,EDT-E708,"9"""
KIT-517+EDT-E709,"Navigatie Hyundai i20 2015-2018 G-517 ecran tip TESLA 9.7"" cu Android Radio Bluetooth Internet GPS WIFI 4+32GB DSP 4G",,KIT-517,EDT-E709,"9"""
KIT-517+NAM5960Pro-A9Z,Navigatie Hyundai i20 2015-2018 5960Pro-517 Android Octa Core Qualcomm 2K Qled 8+128 DTS DSP 360 4G Optical,,KIT-517,NAM5960Pro-A9Z,"9"""
KIT-517+LITE-D4-9-4+64,Navigatie Hyundai i20 2015-2018 Kit-517 4+64 GB Android Waze USB Navigatie Internet Youtube Radio,,KIT-517,LITE-D4-9-4+64,"9"""
KIT-517+PRO-2K-9-4+64,Navigatie Hyundai i20 2015-2018 Kit-517 8 core QLED 2K 4+64 360 Android Waze USB Navigatie Internet Youtube Radio,,KIT-517,PRO-2K-9-4+64,"9"""
KIT-517+PRO-2K-9-8+256,Navigatie Hyundai i20 2015-2018 Kit-517 8 core QLED 2K 8+256 360 Android Waze USB Navigatie Internet Youtube Radio,,KIT-517,PRO-2K-9-8+256,"9"""
KIT-517+PRO-2K-9-12+256,Navigatie Hyundai i20 2015-2018 Kit-517 8 core QLED 2K 12+256 360 Android Waze USB Navigatie Internet Youtube Radio,,KIT-517,PRO-2K-9-12+256,"9"""
KIT-517+ULTRA-9-4+64,Navigatie Hyundai i20 2015-2018 Kit-517 8 core QLED Qualcomm 4+64 360 Android Waze USB Navigatie Internet Youtube Radio,,KIT-517,ULTRA-9-4+64,"9"""
KIT-517+ULTRA-2K-9-8+128,Navigatie Hyundai i20 2015-2018 M-517 Octa Core Android Radio Bluetooth GPS WIFI/4G DSP 2K 8+128GB 360 Toslink,,KIT-517,ULTRA-2K-9-8+128,"9"""
KIT-1058+EDT-E211-RK,Navigatie Hyundai Kona Kit-1058 Edotec  4+64 10.5 inch Incell 1K android Wifi 5Ghz gps internet,,KIT-1058,EDT-E211-RK,"9"""
KIT-1058+EDT-E212-RK,Navigatie Hyundai Kona K-1058 Edotec 4+64 12.3 inch Incell 1K android Wifi 5Ghz gps internet,,KIT-1058,EDT-E212-RK,"9"""
KIT-1058+EDT-E309V3,Navigatie Hyundai Kona B-1058 Android Ecran QLED octa core 4+64 carplay android auto,,KIT-1058,EDT-E309V3,"9"""
KIT-1058+EDT-E413V3,"Navigatie Hyundai Kona N-1058 Edonav ecran 13"" 1K 4+64 Android Waze USB Navigatie 4G 360 Toslink",,KIT-1058,EDT-E413V3,"9"""
KIT-1058+EDT-E424,Navigatie Hyundai Kona Kit-1058 Edotec 2 ecrane  8 core 4+128 21.6 inch Incell android Wifi 5Ghz gps internet,,KIT-1058,EDT-E424,"9"""
KIT-1058+EDT-E509-PRO,Navigatie Hyundai Kona E-1058 Octa Core cu Android Radio Bluetooth Internet GPS WIFI DSP 4+64GB 4G RESIGILAT,,KIT-1058,EDT-E509-PRO,"9"""
KIT-1058+EDT-E609,Navigatie Hyundai Kona F-1058 Octa Core cu Android Radio Bluetooth Internet GPS WIFI DSP 8+128GB 4G,,KIT-1058,EDT-E609,"9"""
KIT-1058+EDT-E708,"Navigatie Hyundai Kona K-1058 ecran tip TESLA 9.7"" cu Android Radio Bluetooth Internet GPS WIFI 2+32GB DSP 4G",,KIT-1058,EDT-E708,"9"""
KIT-1058+EDT-E709,"Navigatie Hyundai Kona G-1058 ecran tip TESLA 9.7"" cu Android Radio Bluetooth Internet GPS WIFI 4+32GB DSP 4G",,KIT-1058,EDT-E709,"9"""
KIT-1058+NAM5960Pro-A9Z,Navigatie Hyundai Kona 5960Pro-1058 Android Octa Core Qualcomm 2K Qled 8+128 DTS DSP 360 4G Optical,,KIT-1058,NAM5960Pro-A9Z,"9"""
KIT-1058+LITE-D4-9-4+64,Navigatie Hyundai Kona Kit-1058 4+64 GB Android Waze USB Navigatie Internet Youtube Radio,,KIT-1058,LITE-D4-9-4+64,"9"""
KIT-1058+PRO-2K-9-4+64,Navigatie Hyundai Kona Kit-1058 8 core QLED 2K 4+64 360 Android Waze USB Navigatie Internet Youtube Radio,,KIT-1058,PRO-2K-9-4+64,"9"""
KIT-1058+PRO-2K-9-8+256,Navigatie Hyundai Kona Kit-1058 8 core QLED 2K 8+256 360 Android Waze USB Navigatie Internet Youtube Radio,,KIT-1058,PRO-2K-9-8+256,"9"""
KIT-1058+PRO-2K-9-12+256,Navigatie Hyundai Kona Kit-1058 8 core QLED 2K 12+256 360 Android Waze USB Navigatie Internet Youtube Radio,,KIT-1058,PRO-2K-9-12+256,"9"""
KIT-1058+ULTRA-9-4+64,Navigatie Hyundai Kona Kit-1058 8 core QLED Qualcomm 4+64 360 Android Waze USB Navigatie Internet Youtube Radio,,KIT-1058,ULTRA-9-4+64,"9"""
KIT-1058+ULTRA-2K-9-8+128,Navigatie Hyundai Kona M-1058 Octa Core Android Radio Bluetooth GPS WIFI/4G DSP 2K 8+128GB 360 Toslink,,KIT-1058,ULTRA-2K-9-8+128,"9"""
KIT-1135+EDT-E211-RK,Navigatie Hyundai Tucson 2019- Kit-1135 Edotec  4+64 10.5 inch Incell 1K android Wifi 5Ghz gps internet,,KIT-1135,EDT-E211-RK,"9"""
KIT-1135+EDT-E212-RK,Navigatie Hyundai Tucson 2019- K-1135 Edotec 4+64 12.3 inch Incell 1K android Wifi 5Ghz gps internet,,KIT-1135,EDT-E212-RK,"9"""
KIT-1135+EDT-E309V3,Navigatie Hyundai Tucson 2019- B-1135 Android Ecran QLED octa core 4+64 carplay android auto,,KIT-1135,EDT-E309V3,"9"""
KIT-1135+EDT-E413V3,"Navigatie Hyundai Tucson 2019- N-1135 Edonav ecran 13"" 1K 4+64 Android Waze USB Navigatie 4G 360 Toslink",,KIT-1135,EDT-E413V3,"9"""
KIT-1135+EDT-E424,Navigatie Hyundai Tucson 2019- Kit-1135 Edotec 2 ecrane  8 core 4+128 21.6 inch Incell android Wifi 5Ghz gps internet,,KIT-1135,EDT-E424,"9"""
KIT-1135+EDT-E509-PRO,Navigatie Hyundai Tucson 2019- E-1135 Octa Core cu Android Radio Bluetooth Internet GPS WIFI DSP 4+64GB 4G RESIGILAT,,KIT-1135,EDT-E509-PRO,"9"""
KIT-1135+EDT-E609,Navigatie Hyundai Tucson 2019- F-1135 Octa Core cu Android Radio Bluetooth Internet GPS WIFI DSP 8+128GB 4G,,KIT-1135,EDT-E609,"9"""
KIT-1135+EDT-E708,"Navigatie Hyundai Tucson 2019- K-1135 ecran tip TESLA 9.7"" cu Android Radio Bluetooth Internet GPS WIFI 2+32GB DSP 4G",,KIT-1135,EDT-E708,"9"""
KIT-1135+EDT-E709,"Navigatie Hyundai Tucson 2019- G-1135 ecran tip TESLA 9.7"" cu Android Radio Bluetooth Internet GPS WIFI 4+32GB DSP 4G",,KIT-1135,EDT-E709,"9"""
KIT-1135+NAM5960Pro-A9Z,Navigatie Hyundai Tucson 2019- 5960Pro-1135 Android Octa Core Qualcomm 2K Qled 8+128 DTS DSP 360 4G Optical,,KIT-1135,NAM5960Pro-A9Z,"9"""
KIT-1135+LITE-D4-9-4+64,Navigatie Hyundai Tucson 2019- Kit-1135 4+64 GB Android Waze USB Navigatie Internet Youtube Radio,,KIT-1135,LITE-D4-9-4+64,"9"""
KIT-1135+PRO-2K-9-4+64,Navigatie Hyundai Tucson 2019- Kit-1135 8 core QLED 2K 4+64 360 Android Waze USB Navigatie Internet Youtube Radio,,KIT-1135,PRO-2K-9-4+64,"9"""
KIT-1135+PRO-2K-9-8+256,Navigatie Hyundai Tucson 2019- Kit-1135 8 core QLED 2K 8+256 360 Android Waze USB Navigatie Internet Youtube Radio,,KIT-1135,PRO-2K-9-8+256,"9"""
KIT-1135+PRO-2K-9-12+256,Navigatie Hyundai Tucson 2019- Kit-1135 8 core QLED 2K 12+256 360 Android Waze USB Navigatie Internet Youtube Radio,,KIT-1135,PRO-2K-9-12+256,"9"""
KIT-1135+ULTRA-9-4+64,Navigatie Hyundai Tucson 2019- Kit-1135 8 core QLED Qualcomm 4+64 360 Android Waze USB Navigatie Internet Youtube Radio,,KIT-1135,ULTRA-9-4+64,"9"""
KIT-1135+ULTRA-2K-9-8+128,Navigatie Hyundai Tucson 2019- M-1135 Octa Core Android Radio Bluetooth GPS WIFI/4G DSP 2K 8+128GB 360 Toslink,,KIT-1135,ULTRA-2K-9-8+128,"9"""
KIT-1142+EDT-E211-RK,Navigatie VW Touareg 2012-2019 Kit-1142 Edotec  4+64 10.5 inch Incell 1K android Wifi 5Ghz gps internet,,KIT-1142,EDT-E211-RK,"9"""
KIT-1142+EDT-E212-RK,Navigatie VW Touareg 2012-2019 K-1142 Edotec 4+64 12.3 inch Incell 1K android Wifi 5Ghz gps internet,,KIT-1142,EDT-E212-RK,"9"""
KIT-1142+EDT-E309V3,Navigatie VW Touareg 2012-2019 B-1142 Android Ecran QLED octa core 4+64 carplay android auto,,KIT-1142,EDT-E309V3,"9"""
KIT-1142+EDT-E413V3,"Navigatie VW Touareg 2012-2019 N-1142 Edonav ecran 13"" 1K 4+64 Android Waze USB Navigatie 4G 360 Toslink",,KIT-1142,EDT-E413V3,"9"""
KIT-1142+EDT-E424,Navigatie VW Touareg 2012-2019 Kit-1142 Edotec 2 ecrane  8 core 4+128 21.6 inch Incell android Wifi 5Ghz gps internet,,KIT-1142,EDT-E424,"9"""
KIT-1142+EDT-E509-PRO,Navigatie VW Touareg 2012-2019 E-1142 Octa Core cu Android Radio Bluetooth Internet GPS WIFI DSP 4+64GB 4G RESIGILAT,,KIT-1142,EDT-E509-PRO,"9"""
KIT-1142+EDT-E609,Navigatie VW Touareg 2012-2019 F-1142 Octa Core cu Android Radio Bluetooth Internet GPS WIFI DSP 8+128GB 4G,,KIT-1142,EDT-E609,"9"""
KIT-1142+EDT-E708,"Navigatie VW Touareg 2012-2019 K-1142 ecran tip TESLA 9.7"" cu Android Radio Bluetooth Internet GPS WIFI 2+32GB DSP 4G",,KIT-1142,EDT-E708,"9"""
KIT-1142+EDT-E709,"Navigatie VW Touareg 2012-2019 G-1142 ecran tip TESLA 9.7"" cu Android Radio Bluetooth Internet GPS WIFI 4+32GB DSP 4G",,KIT-1142,EDT-E709,"9"""
KIT-1142+NAM5960Pro-A9Z,Navigatie VW Touareg 2012-2019 5960Pro-1142 Android Octa Core Qualcomm 2K Qled 8+128 DTS DSP 360 4G Optical,,KIT-1142,NAM5960Pro-A9Z,"9"""
KIT-1142+LITE-D4-9-4+64,Navigatie VW Touareg 2012-2019 Kit-1142 4+64 GB Android Waze USB Navigatie Internet Youtube Radio,,KIT-1142,LITE-D4-9-4+64,"9"""
KIT-1142+PRO-2K-9-4+64,Navigatie VW Touareg 2012-2019 Kit-1142 8 core QLED 2K 4+64 360 Android Waze USB Navigatie Internet Youtube Radio,,KIT-1142,PRO-2K-9-4+64,"9"""
KIT-1142+PRO-2K-9-8+256,Navigatie VW Touareg 2012-2019 Kit-1142 8 core QLED 2K 8+256 360 Android Waze USB Navigatie Internet Youtube Radio,,KIT-1142,PRO-2K-9-8+256,"9"""
KIT-1142+PRO-2K-9-12+256,Navigatie VW Touareg 2012-2019 Kit-1142 8 core QLED 2K 12+256 360 Android Waze USB Navigatie Internet Youtube Radio,,KIT-1142,PRO-2K-9-12+256,"9"""
KIT-1142+ULTRA-9-4+64,Navigatie VW Touareg 2012-2019 Kit-1142 8 core QLED Qualcomm 4+64 360 Android Waze USB Navigatie Internet Youtube Radio,,KIT-1142,ULTRA-9-4+64,"9"""
KIT-1142+ULTRA-2K-9-8+128,Navigatie VW Touareg 2012-2019 M-1142 Octa Core Android Radio Bluetooth GPS WIFI/4G DSP 2K 8+128GB 360 Toslink,,KIT-1142,ULTRA-2K-9-8+128,"9"""
KIT-026+EDT-E310V3,"Navigatie MITSUBISHI ASX 2013-2017 B-026 Android Ecran QLED octa core 4+64 10"" carplay android auto",,KIT-026,EDT-E310V3,"10"""
KIT-026+EDT-E510-PRO,"Navigatie MITSUBISHI ASX 2013-2017 E-026 Octa Core cu Android Radio Bluetooth Internet GPS WIFI DSP 4+64GB 4G ecran 10""",,KIT-026,EDT-E510-PRO,"10"""
KIT-026+EDT-E610,"Navigatie MITSUBISHI ASX 2013-2017 F-026 Octa Core cu Android Radio Bluetooth Internet GPS WIFI DSP 8+128GB 4G ecran 10""",,KIT-026,EDT-E610,"10"""
KIT-026+EDT-E710,"Navigatie MITSUBISHI ASX 2013-2017 H-026 ecran tip TESLA 10"" cu Android Radio Bluetooth Internet GPS WIFI 4+32GB DSP 4G",,KIT-026,EDT-E710,"10"""
KIT-026+EDT-E810-2K,Navigatie MITSUBISHI ASX 2013-2017 Kit-026 8 core QLED 2K 16+512GB 360 Android Waze USB Navigatie Internet Youtube Radio,,KIT-026,EDT-E810-2K,"10"""
KIT-026+LITE-10.5-4+64,Navigatie MITSUBISHI ASX 2013-2017 Kit-026 Lenovo  8 core 4+64 10.5 inch Incell 1K android Wifi 5Ghz gps internet,,KIT-026,LITE-10.5-4+64,"10"""
KIT-026+LITE-10-6+128,Navigatie MITSUBISHI ASX 2013-2017 Kit-026 8 core 6+128 GB Android Waze USB Navigatie Internet Youtube Radio,,KIT-026,LITE-10-6+128,"10"""
KIT-026+LITE-D4-10-4+64,Navigatie MITSUBISHI ASX 2013-2017 Kit-026 4+64 GB Android Waze USB Navigatie Internet Youtube Radio,,KIT-026,LITE-D4-10-4+64,"10"""
KIT-026+PRO-12.3-4+64,Navigatie MITSUBISHI ASX 2013-2017 K-026 Lenovo PRO 4+64 12.3 inch qled android 4G DSP gps internet  8Core,,KIT-026,PRO-12.3-4+64,"10"""
KIT-026+PRO-12.3-8+256,Navigatie MITSUBISHI ASX 2013-2017 K-026 Lenovo PRO 8+256 12.3 inch qled android 4G DSP gps internet  8Core,,KIT-026,PRO-12.3-8+256,"10"""
KIT-026+PRO-2K-10-4+64,Navigatie MITSUBISHI ASX 2013-2017 Kit-026 8 core QLED 2K 4+64 360 Android Waze USB Navigatie Internet Youtube Radio,,KIT-026,PRO-2K-10-4+64,"10"""
KIT-026+PRO-2K-10-8+256,Navigatie MITSUBISHI ASX 2013-2017 Kit-026 8 core QLED 2K 8+256 360 Android Waze USB Navigatie Internet Youtube Radio,,KIT-026,PRO-2K-10-8+256,"10"""
KIT-026+PRO-2K-10-12+256,Navigatie MITSUBISHI ASX 2013-2017 Kit-026 8 core QLED 2K 12+256 360 Android Waze USB Navigatie Internet Youtube Radio,,KIT-026,PRO-2K-10-12+256,"10"""
KIT-026+PRO-2K-13-4+64,Navigatie MITSUBISHI ASX 2013-2017 K-026 Lenovo PRO 4+64 13 inch 2K android 4G DSP gps internet  8Core,,KIT-026,PRO-2K-13-4+64,"10"""
KIT-026+ULTRA-10-4+64,Navigatie MITSUBISHI ASX 2013-2017 Kit-026 8 core QLED Qualcomm 4+64 360 Android Waze USB Navigatie Internet Youtube Radio,,KIT-026,ULTRA-10-4+64,"10"""
KIT-026+ULTRA-2K-10-8+128,Navigatie MITSUBISHI ASX 2013-2017 M-026 Octa Core Android Radio Bluetooth GPS WIFI/4G DSP 2K 8+128GB 360 Toslink,,KIT-026,ULTRA-2K-10-8+128,"10"""
KIT-026+ULTRA-2K-13-8+128,"Navigatie MITSUBISHI ASX 2013-2017 N-026 ecran 13"" 2K 8+128 Android Waze USB Navigatie 4G 360 Toslink Youtube Radio",,KIT-026,ULTRA-2K-13-8+128,"10"""
KIT-026+EDT-E211-RK+KIT-10-9,Navigatie MITSUBISHI ASX 2013-2017 Kit-026 Edotec  4+64 10.5 inch Incell 1K android Wifi 5Ghz gps internet,,KIT-026,EDT-E211-RK+KIT-10-9,"10""(adaptor)"
KIT-026+EDT-E212-RK+KIT-10-9,Navigatie MITSUBISHI ASX 2013-2017 K-026 Edotec 4+64 12.3 inch Incell 1K android Wifi 5Ghz gps internet,,KIT-026,EDT-E212-RK+KIT-10-9,"10""(adaptor)"
KIT-026+EDT-E309V3+KIT-10-9,Navigatie MITSUBISHI ASX 2013-2017 B-026 Android Ecran QLED octa core 4+64 carplay android auto,,KIT-026,EDT-E309V3+KIT-10-9,"10""(adaptor)"
KIT-026+EDT-E413V3+KIT-10-9,"Navigatie MITSUBISHI ASX 2013-2017 N-026 Edonav ecran 13"" 1K 4+64 Android Waze USB Navigatie 4G 360 Toslink",,KIT-026,EDT-E413V3+KIT-10-9,"10""(adaptor)"
KIT-026+EDT-E424+KIT-10-9,Navigatie MITSUBISHI ASX 2013-2017 Kit-026 Edotec 2 ecrane  8 core 4+128 21.6 inch Incell android Wifi 5Ghz gps internet,,KIT-026,EDT-E424+KIT-10-9,"10""(adaptor)"
KIT-026+EDT-E509-PRO+KIT-10-9,Navigatie MITSUBISHI ASX 2013-2017 E-026 Octa Core cu Android Radio Bluetooth Internet GPS WIFI DSP 4+64GB 4G RESIGILAT,,KIT-026,EDT-E509-PRO+KIT-10-9,"10""(adaptor)"
KIT-026+EDT-E609+KIT-10-9,Navigatie MITSUBISHI ASX 2013-2017 F-026 Octa Core cu Android Radio Bluetooth Internet GPS WIFI DSP 8+128GB 4G,,KIT-026,EDT-E609+KIT-10-9,"10""(adaptor)"
KIT-026+EDT-E708+KIT-10-9,"Navigatie MITSUBISHI ASX 2013-2017 K-026 ecran tip TESLA 9.7"" cu Android Radio Bluetooth Internet GPS WIFI 2+32GB DSP 4G",,KIT-026,EDT-E708+KIT-10-9,"10""(adaptor)"
KIT-026+EDT-E709+KIT-10-9,"Navigatie MITSUBISHI ASX 2013-2017 G-026 ecran tip TESLA 9.7"" cu Android Radio Bluetooth Internet GPS WIFI 4+32GB DSP 4G",,KIT-026,EDT-E709+KIT-10-9,"10""(adaptor)"
KIT-026+NAM5960Pro-A9Z+KIT-10-9,Navigatie MITSUBISHI ASX 2013-2017 5960Pro-026 Android Octa Core Qualcomm 2K Qled 8+128 DTS DSP 360 4G Optical,,KIT-026,NAM5960Pro-A9Z+KIT-10-9,"10""(adaptor)"
KIT-026+LITE-D4-9-4+64+KIT-10-9,Navigatie MITSUBISHI ASX 2013-2017 Kit-026 4+64 GB Android Waze USB Navigatie Internet Youtube Radio,,KIT-026,LITE-D4-9-4+64+KIT-10-9,"10""(adaptor)"
KIT-026+PRO-2K-9-4+64+KIT-10-9,Navigatie MITSUBISHI ASX 2013-2017 Kit-026 8 core QLED 2K 4+64 360 Android Waze USB Navigatie Internet Youtube Radio,,KIT-026,PRO-2K-9-4+64+KIT-10-9,"10""(adaptor)"
KIT-026+PRO-2K-9-8+256+KIT-10-9,Navigatie MITSUBISHI ASX 2013-2017 Kit-026 8 core QLED 2K 8+256 360 Android Waze USB Navigatie Internet Youtube Radio,,KIT-026,PRO-2K-9-8+256+KIT-10-9,"10""(adaptor)"
KIT-026+PRO-2K-9-12+256+KIT-10-9,Navigatie MITSUBISHI ASX 2013-2017 Kit-026 8 core QLED 2K 12+256 360 Android Waze USB Navigatie Internet Youtube Radio,,KIT-026,PRO-2K-9-12+256+KIT-10-9,"10""(adaptor)"
KIT-026+ULTRA-9-4+64+KIT-10-9,Navigatie MITSUBISHI ASX 2013-2017 Kit-026 8 core QLED Qualcomm 4+64 360 Android Waze USB Navigatie Internet Youtube Radio,,KIT-026,ULTRA-9-4+64+KIT-10-9,"10""(adaptor)"
KIT-026+ULTRA-2K-9-8+128+KIT-10-9,Navigatie MITSUBISHI ASX 2013-2017 M-026 Octa Core Android Radio Bluetooth GPS WIFI/4G DSP 2K 8+128GB 360 Toslink,,KIT-026,ULTRA-2K-9-8+128+KIT-10-9,"10""(adaptor)"
KIT-338+EDT-E310V3,"Navigatie Opel Insignia 2014-2016 B-338 Android Ecran QLED octa core 4+64 10"" carplay android auto",,KIT-338,EDT-E310V3,"10"""
KIT-338+EDT-E510-PRO,"Navigatie Opel Insignia 2014-2016 E-338 Octa Core cu Android Radio Bluetooth Internet GPS WIFI DSP 4+64GB 4G ecran 10""",,KIT-338,EDT-E510-PRO,"10"""
KIT-338+EDT-E610,"Navigatie Opel Insignia 2014-2016 F-338 Octa Core cu Android Radio Bluetooth Internet GPS WIFI DSP 8+128GB 4G ecran 10""",,KIT-338,EDT-E610,"10"""
KIT-338+EDT-E710,"Navigatie Opel Insignia 2014-2016 H-338 ecran tip TESLA 10"" cu Android Radio Bluetooth Internet GPS WIFI 4+32GB DSP 4G",,KIT-338,EDT-E710,"10"""
KIT-338+EDT-E810-2K,Navigatie Opel Insignia 2014-2016 Kit-338 8 core QLED 2K 16+512GB 360 Android Waze USB Navigatie Internet Youtube Radio,,KIT-338,EDT-E810-2K,"10"""
KIT-338+LITE-10.5-4+64,Navigatie Opel Insignia 2014-2016 Kit-338 Lenovo  8 core 4+64 10.5 inch Incell 1K android Wifi 5Ghz gps internet,,KIT-338,LITE-10.5-4+64,"10"""
KIT-338+LITE-10-6+128,Navigatie Opel Insignia 2014-2016 Kit-338 8 core 6+128 GB Android Waze USB Navigatie Internet Youtube Radio,,KIT-338,LITE-10-6+128,"10"""
KIT-338+LITE-D4-10-4+64,Navigatie Opel Insignia 2014-2016 Kit-338 4+64 GB Android Waze USB Navigatie Internet Youtube Radio,,KIT-338,LITE-D4-10-4+64,"10"""
KIT-338+PRO-12.3-4+64,Navigatie Opel Insignia 2014-2016 K-338 Lenovo PRO 4+64 12.3 inch qled android 4G DSP gps internet  8Core,,KIT-338,PRO-12.3-4+64,"10"""
KIT-338+PRO-12.3-8+256,Navigatie Opel Insignia 2014-2016 K-338 Lenovo PRO 8+256 12.3 inch qled android 4G DSP gps internet  8Core,,KIT-338,PRO-12.3-8+256,"10"""
KIT-338+PRO-2K-10-4+64,Navigatie Opel Insignia 2014-2016 Kit-338 8 core QLED 2K 4+64 360 Android Waze USB Navigatie Internet Youtube Radio,,KIT-338,PRO-2K-10-4+64,"10"""
KIT-338+PRO-2K-10-8+256,Navigatie Opel Insignia 2014-2016 Kit-338 8 core QLED 2K 8+256 360 Android Waze USB Navigatie Internet Youtube Radio,,KIT-338,PRO-2K-10-8+256,"10"""
KIT-338+PRO-2K-10-12+256,Navigatie Opel Insignia 2014-2016 Kit-338 8 core QLED 2K 12+256 360 Android Waze USB Navigatie Internet Youtube Radio,,KIT-338,PRO-2K-10-12+256,"10"""
KIT-338+PRO-2K-13-4+64,Navigatie Opel Insignia 2014-2016 K-338 Lenovo PRO 4+64 13 inch 2K android 4G DSP gps internet  8Core,,KIT-338,PRO-2K-13-4+64,"10"""
KIT-338+ULTRA-10-4+64,Navigatie Opel Insignia 2014-2016 Kit-338 8 core QLED Qualcomm 4+64 360 Android Waze USB Navigatie Internet Youtube Radio,,KIT-338,ULTRA-10-4+64,"10"""
KIT-338+ULTRA-2K-10-8+128,Navigatie Opel Insignia 2014-2016 M-338 Octa Core Android Radio Bluetooth GPS WIFI/4G DSP 2K 8+128GB 360 Toslink,,KIT-338,ULTRA-2K-10-8+128,"10"""
KIT-338+ULTRA-2K-13-8+128,"Navigatie Opel Insignia 2014-2016 N-338 ecran 13"" 2K 8+128 Android Waze USB Navigatie 4G 360 Toslink Youtube Radio",,KIT-338,ULTRA-2K-13-8+128,"10"""
KIT-338+EDT-E211-RK+KIT-10-9,Navigatie Opel Insignia 2014-2016 Kit-338 Edotec  4+64 10.5 inch Incell 1K android Wifi 5Ghz gps internet,,KIT-338,EDT-E211-RK+KIT-10-9,"10""(adaptor)"
KIT-338+EDT-E212-RK+KIT-10-9,Navigatie Opel Insignia 2014-2016 K-338 Edotec 4+64 12.3 inch Incell 1K android Wifi 5Ghz gps internet,,KIT-338,EDT-E212-RK+KIT-10-9,"10""(adaptor)"
KIT-338+EDT-E309V3+KIT-10-9,Navigatie Opel Insignia 2014-2016 B-338 Android Ecran QLED octa core 4+64 carplay android auto,,KIT-338,EDT-E309V3+KIT-10-9,"10""(adaptor)"
KIT-338+EDT-E413V3+KIT-10-9,"Navigatie Opel Insignia 2014-2016 N-338 Edonav ecran 13"" 1K 4+64 Android Waze USB Navigatie 4G 360 Toslink",,KIT-338,EDT-E413V3+KIT-10-9,"10""(adaptor)"
KIT-338+EDT-E424+KIT-10-9,Navigatie Opel Insignia 2014-2016 Kit-338 Edotec 2 ecrane  8 core 4+128 21.6 inch Incell android Wifi 5Ghz gps internet,,KIT-338,EDT-E424+KIT-10-9,"10""(adaptor)"
KIT-338+EDT-E509-PRO+KIT-10-9,Navigatie Opel Insignia 2014-2016 E-338 Octa Core cu Android Radio Bluetooth Internet GPS WIFI DSP 4+64GB 4G RESIGILAT,,KIT-338,EDT-E509-PRO+KIT-10-9,"10""(adaptor)"
KIT-338+EDT-E609+KIT-10-9,Navigatie Opel Insignia 2014-2016 F-338 Octa Core cu Android Radio Bluetooth Internet GPS WIFI DSP 8+128GB 4G,,KIT-338,EDT-E609+KIT-10-9,"10""(adaptor)"
KIT-338+EDT-E708+KIT-10-9,"Navigatie Opel Insignia 2014-2016 K-338 ecran tip TESLA 9.7"" cu Android Radio Bluetooth Internet GPS WIFI 2+32GB DSP 4G",,KIT-338,EDT-E708+KIT-10-9,"10""(adaptor)"
KIT-338+EDT-E709+KIT-10-9,"Navigatie Opel Insignia 2014-2016 G-338 ecran tip TESLA 9.7"" cu Android Radio Bluetooth Internet GPS WIFI 4+32GB DSP 4G",,KIT-338,EDT-E709+KIT-10-9,"10""(adaptor)"
KIT-338+NAM5960Pro-A9Z+KIT-10-9,Navigatie Opel Insignia 2014-2016 5960Pro-338 Android Octa Core Qualcomm 2K Qled 8+128 DTS DSP 360 4G Optical,,KIT-338,NAM5960Pro-A9Z+KIT-10-9,"10""(adaptor)"
KIT-338+LITE-D4-9-4+64+KIT-10-9,Navigatie Opel Insignia 2014-2016 Kit-338 4+64 GB Android Waze USB Navigatie Internet Youtube Radio,,KIT-338,LITE-D4-9-4+64+KIT-10-9,"10""(adaptor)"
KIT-338+PRO-2K-9-4+64+KIT-10-9,Navigatie Opel Insignia 2014-2016 Kit-338 8 core QLED 2K 4+64 360 Android Waze USB Navigatie Internet Youtube Radio,,KIT-338,PRO-2K-9-4+64+KIT-10-9,"10""(adaptor)"
KIT-338+PRO-2K-9-8+256+KIT-10-9,Navigatie Opel Insignia 2014-2016 Kit-338 8 core QLED 2K 8+256 360 Android Waze USB Navigatie Internet Youtube Radio,,KIT-338,PRO-2K-9-8+256+KIT-10-9,"10""(adaptor)"
KIT-338+PRO-2K-9-12+256+KIT-10-9,Navigatie Opel Insignia 2014-2016 Kit-338 8 core QLED 2K 12+256 360 Android Waze USB Navigatie Internet Youtube Radio,,KIT-338,PRO-2K-9-12+256+KIT-10-9,"10""(adaptor)"
KIT-338+ULTRA-9-4+64+KIT-10-9,Navigatie Opel Insignia 2014-2016 Kit-338 8 core QLED Qualcomm 4+64 360 Android Waze USB Navigatie Internet Youtube Radio,,KIT-338,ULTRA-9-4+64+KIT-10-9,"10""(adaptor)"
KIT-338+ULTRA-2K-9-8+128+KIT-10-9,Navigatie Opel Insignia 2014-2016 M-338 Octa Core Android Radio Bluetooth GPS WIFI/4G DSP 2K 8+128GB 360 Toslink,,KIT-338,ULTRA-2K-9-8+128+KIT-10-9,"10""(adaptor)"
KIT-361+EDT-E310V3,"Navigatie Hyundai IX35 B-361 Android Ecran QLED octa core 4+64 10"" carplay android auto",,KIT-361,EDT-E310V3,"10"""
KIT-361+EDT-E510-PRO,"Navigatie Hyundai IX35 E-361 Octa Core cu Android Radio Bluetooth Internet GPS WIFI DSP 4+64GB 4G ecran 10""",,KIT-361,EDT-E510-PRO,"10"""
KIT-361+EDT-E610,"Navigatie Hyundai IX35 F-361 Octa Core cu Android Radio Bluetooth Internet GPS WIFI DSP 8+128GB 4G ecran 10""",,KIT-361,EDT-E610,"10"""
KIT-361+EDT-E710,"Navigatie Hyundai IX35 H-361 ecran tip TESLA 10"" cu Android Radio Bluetooth Internet GPS WIFI 4+32GB DSP 4G",,KIT-361,EDT-E710,"10"""
KIT-361+EDT-E810-2K,Navigatie Hyundai IX35 Kit-361 8 core QLED 2K 16+512GB 360 Android Waze USB Navigatie Internet Youtube Radio,,KIT-361,EDT-E810-2K,"10"""
KIT-361+LITE-10.5-4+64,Navigatie Hyundai IX35 Kit-361 Lenovo  8 core 4+64 10.5 inch Incell 1K android Wifi 5Ghz gps internet,,KIT-361,LITE-10.5-4+64,"10"""
KIT-361+LITE-10-6+128,Navigatie Hyundai IX35 Kit-361 8 core 6+128 GB Android Waze USB Navigatie Internet Youtube Radio,,KIT-361,LITE-10-6+128,"10"""
KIT-361+LITE-D4-10-4+64,Navigatie Hyundai IX35 Kit-361 4+64 GB Android Waze USB Navigatie Internet Youtube Radio,,KIT-361,LITE-D4-10-4+64,"10"""
KIT-361+PRO-12.3-4+64,Navigatie Hyundai IX35 K-361 Lenovo PRO 4+64 12.3 inch qled android 4G DSP gps internet  8Core,,KIT-361,PRO-12.3-4+64,"10"""
KIT-361+PRO-12.3-8+256,Navigatie Hyundai IX35 K-361 Lenovo PRO 8+256 12.3 inch qled android 4G DSP gps internet  8Core,,KIT-361,PRO-12.3-8+256,"10"""
KIT-361+PRO-2K-10-4+64,Navigatie Hyundai IX35 Kit-361 8 core QLED 2K 4+64 360 Android Waze USB Navigatie Internet Youtube Radio,,KIT-361,PRO-2K-10-4+64,"10"""
KIT-361+PRO-2K-10-8+256,Navigatie Hyundai IX35 Kit-361 8 core QLED 2K 8+256 360 Android Waze USB Navigatie Internet Youtube Radio,,KIT-361,PRO-2K-10-8+256,"10"""
KIT-361+PRO-2K-10-12+256,Navigatie Hyundai IX35 Kit-361 8 core QLED 2K 12+256 360 Android Waze USB Navigatie Internet Youtube Radio,,KIT-361,PRO-2K-10-12+256,"10"""
KIT-361+PRO-2K-13-4+64,Navigatie Hyundai IX35 K-361 Lenovo PRO 4+64 13 inch 2K android 4G DSP gps internet  8Core,,KIT-361,PRO-2K-13-4+64,"10"""
KIT-361+ULTRA-10-4+64,Navigatie Hyundai IX35 Kit-361 8 core QLED Qualcomm 4+64 360 Android Waze USB Navigatie Internet Youtube Radio,,KIT-361,ULTRA-10-4+64,"10"""
KIT-361+ULTRA-2K-10-8+128,Navigatie Hyundai IX35 M-361 Octa Core Android Radio Bluetooth GPS WIFI/4G DSP 2K 8+128GB 360 Toslink,,KIT-361,ULTRA-2K-10-8+128,"10"""
KIT-361+ULTRA-2K-13-8+128,"Navigatie Hyundai IX35 N-361 ecran 13"" 2K 8+128 Android Waze USB Navigatie 4G 360 Toslink Youtube Radio",,KIT-361,ULTRA-2K-13-8+128,"10"""
KIT-361+EDT-E211-RK+KIT-10-9,Navigatie Hyundai IX35 Kit-361 Edotec  4+64 10.5 inch Incell 1K android Wifi 5Ghz gps internet,,KIT-361,EDT-E211-RK+KIT-10-9,"10""(adaptor)"
KIT-361+EDT-E212-RK+KIT-10-9,Navigatie Hyundai IX35 K-361 Edotec 4+64 12.3 inch Incell 1K android Wifi 5Ghz gps internet,,KIT-361,EDT-E212-RK+KIT-10-9,"10""(adaptor)"
KIT-361+EDT-E309V3+KIT-10-9,Navigatie Hyundai IX35 B-361 Android Ecran QLED octa core 4+64 carplay android auto,,KIT-361,EDT-E309V3+KIT-10-9,"10""(adaptor)"
KIT-361+EDT-E413V3+KIT-10-9,"Navigatie Hyundai IX35 N-361 Edonav ecran 13"" 1K 4+64 Android Waze USB Navigatie 4G 360 Toslink",,KIT-361,EDT-E413V3+KIT-10-9,"10""(adaptor)"
KIT-361+EDT-E424+KIT-10-9,Navigatie Hyundai IX35 Kit-361 Edotec 2 ecrane  8 core 4+128 21.6 inch Incell android Wifi 5Ghz gps internet,,KIT-361,EDT-E424+KIT-10-9,"10""(adaptor)"
KIT-361+EDT-E509-PRO+KIT-10-9,Navigatie Hyundai IX35 E-361 Octa Core cu Android Radio Bluetooth Internet GPS WIFI DSP 4+64GB 4G RESIGILAT,,KIT-361,EDT-E509-PRO+KIT-10-9,"10""(adaptor)"
KIT-361+EDT-E609+KIT-10-9,Navigatie Hyundai IX35 F-361 Octa Core cu Android Radio Bluetooth Internet GPS WIFI DSP 8+128GB 4G,,KIT-361,EDT-E609+KIT-10-9,"10""(adaptor)"
KIT-361+EDT-E708+KIT-10-9,"Navigatie Hyundai IX35 K-361 ecran tip TESLA 9.7"" cu Android Radio Bluetooth Internet GPS WIFI 2+32GB DSP 4G",,KIT-361,EDT-E708+KIT-10-9,"10""(adaptor)"
KIT-361+EDT-E709+KIT-10-9,"Navigatie Hyundai IX35 G-361 ecran tip TESLA 9.7"" cu Android Radio Bluetooth Internet GPS WIFI 4+32GB DSP 4G",,KIT-361,EDT-E709+KIT-10-9,"10""(adaptor)"
KIT-361+NAM5960Pro-A9Z+KIT-10-9,Navigatie Hyundai IX35 5960Pro-361 Android Octa Core Qualcomm 2K Qled 8+128 DTS DSP 360 4G Optical,,KIT-361,NAM5960Pro-A9Z+KIT-10-9,"10""(adaptor)"
KIT-361+LITE-D4-9-4+64+KIT-10-9,Navigatie Hyundai IX35 Kit-361 4+64 GB Android Waze USB Navigatie Internet Youtube Radio,,KIT-361,LITE-D4-9-4+64+KIT-10-9,"10""(adaptor)"
KIT-361+PRO-2K-9-4+64+KIT-10-9,Navigatie Hyundai IX35 Kit-361 8 core QLED 2K 4+64 360 Android Waze USB Navigatie Internet Youtube Radio,,KIT-361,PRO-2K-9-4+64+KIT-10-9,"10""(adaptor)"
KIT-361+PRO-2K-9-8+256+KIT-10-9,Navigatie Hyundai IX35 Kit-361 8 core QLED 2K 8+256 360 Android Waze USB Navigatie Internet Youtube Radio,,KIT-361,PRO-2K-9-8+256+KIT-10-9,"10""(adaptor)"
KIT-361+PRO-2K-9-12+256+KIT-10-9,Navigatie Hyundai IX35 Kit-361 8 core QLED 2K 12+256 360 Android Waze USB Navigatie Internet Youtube Radio,,KIT-361,PRO-2K-9-12+256+KIT-10-9,"10""(adaptor)"
KIT-361+ULTRA-9-4+64+KIT-10-9,Navigatie Hyundai IX35 Kit-361 8 core QLED Qualcomm 4+64 360 Android Waze USB Navigatie Internet Youtube Radio,,KIT-361,ULTRA-9-4+64+KIT-10-9,"10""(adaptor)"
KIT-361+ULTRA-2K-9-8+128+KIT-10-9,Navigatie Hyundai IX35 M-361 Octa Core Android Radio Bluetooth GPS WIFI/4G DSP 2K 8+128GB 360 Toslink,,KIT-361,ULTRA-2K-9-8+128+KIT-10-9,"10""(adaptor)"
KIT-381+EDT-E310V3,"Navigatie TOYOTA Land Cruiser L200 B-381 Android Ecran QLED octa core 4+64 10"" carplay android auto",,KIT-381,EDT-E310V3,"10"""
KIT-381+EDT-E510-PRO,"Navigatie TOYOTA Land Cruiser L200 E-381 Octa Core cu Android Radio Bluetooth Internet GPS WIFI DSP 4+64GB 4G ecran 10""",,KIT-381,EDT-E510-PRO,"10"""
KIT-381+EDT-E610,"Navigatie TOYOTA Land Cruiser L200 F-381 Octa Core cu Android Radio Bluetooth Internet GPS WIFI DSP 8+128GB 4G ecran 10""",,KIT-381,EDT-E610,"10"""
KIT-381+EDT-E710,"Navigatie TOYOTA Land Cruiser L200 H-381 ecran tip TESLA 10"" cu Android Radio Bluetooth Internet GPS WIFI 4+32GB DSP 4G",,KIT-381,EDT-E710,"10"""
KIT-381+EDT-E810-2K,Navigatie TOYOTA Land Cruiser L200 Kit-381 8 core QLED 2K 16+512GB 360 Android Waze USB Navigatie Internet Youtube Radio,,KIT-381,EDT-E810-2K,"10"""
KIT-381+LITE-10.5-4+64,Navigatie TOYOTA Land Cruiser L200 Kit-381 Lenovo  8 core 4+64 10.5 inch Incell 1K android Wifi 5Ghz gps internet,,KIT-381,LITE-10.5-4+64,"10"""
KIT-381+LITE-10-6+128,Navigatie TOYOTA Land Cruiser L200 Kit-381 8 core 6+128 GB Android Waze USB Navigatie Internet Youtube Radio,,KIT-381,LITE-10-6+128,"10"""
KIT-381+LITE-D4-10-4+64,Navigatie TOYOTA Land Cruiser L200 Kit-381 4+64 GB Android Waze USB Navigatie Internet Youtube Radio,,KIT-381,LITE-D4-10-4+64,"10"""
KIT-381+PRO-12.3-4+64,Navigatie TOYOTA Land Cruiser L200 K-381 Lenovo PRO 4+64 12.3 inch qled android 4G DSP gps internet  8Core,,KIT-381,PRO-12.3-4+64,"10"""
KIT-381+PRO-12.3-8+256,Navigatie TOYOTA Land Cruiser L200 K-381 Lenovo PRO 8+256 12.3 inch qled android 4G DSP gps internet  8Core,,KIT-381,PRO-12.3-8+256,"10"""
KIT-381+PRO-2K-10-4+64,Navigatie TOYOTA Land Cruiser L200 Kit-381 8 core QLED 2K 4+64 360 Android Waze USB Navigatie Internet Youtube Radio,,KIT-381,PRO-2K-10-4+64,"10"""
KIT-381+PRO-2K-10-8+256,Navigatie TOYOTA Land Cruiser L200 Kit-381 8 core QLED 2K 8+256 360 Android Waze USB Navigatie Internet Youtube Radio,,KIT-381,PRO-2K-10-8+256,"10"""
KIT-381+PRO-2K-10-12+256,Navigatie TOYOTA Land Cruiser L200 Kit-381 8 core QLED 2K 12+256 360 Android Waze USB Navigatie Internet Youtube Radio,,KIT-381,PRO-2K-10-12+256,"10"""
KIT-381+PRO-2K-13-4+64,Navigatie TOYOTA Land Cruiser L200 K-381 Lenovo PRO 4+64 13 inch 2K android 4G DSP gps internet  8Core,,KIT-381,PRO-2K-13-4+64,"10"""
KIT-381+ULTRA-10-4+64,Navigatie TOYOTA Land Cruiser L200 Kit-381 8 core QLED Qualcomm 4+64 360 Android Waze USB Navigatie Internet Youtube Radio,,KIT-381,ULTRA-10-4+64,"10"""
KIT-381+ULTRA-2K-10-8+128,Navigatie TOYOTA Land Cruiser L200 M-381 Octa Core Android Radio Bluetooth GPS WIFI/4G DSP 2K 8+128GB 360 Toslink,,KIT-381,ULTRA-2K-10-8+128,"10"""
KIT-381+ULTRA-2K-13-8+128,"Navigatie TOYOTA Land Cruiser L200 N-381 ecran 13"" 2K 8+128 Android Waze USB Navigatie 4G 360 Toslink Youtube Radio",,KIT-381,ULTRA-2K-13-8+128,"10"""
KIT-381+EDT-E211-RK+KIT-10-9,Navigatie TOYOTA Land Cruiser L200 Kit-381 Edotec  4+64 10.5 inch Incell 1K android Wifi 5Ghz gps internet,,KIT-381,EDT-E211-RK+KIT-10-9,"10""(adaptor)"
KIT-381+EDT-E212-RK+KIT-10-9,Navigatie TOYOTA Land Cruiser L200 K-381 Edotec 4+64 12.3 inch Incell 1K android Wifi 5Ghz gps internet,,KIT-381,EDT-E212-RK+KIT-10-9,"10""(adaptor)"
KIT-381+EDT-E309V3+KIT-10-9,Navigatie TOYOTA Land Cruiser L200 B-381 Android Ecran QLED octa core 4+64 carplay android auto,,KIT-381,EDT-E309V3+KIT-10-9,"10""(adaptor)"
KIT-381+EDT-E413V3+KIT-10-9,"Navigatie TOYOTA Land Cruiser L200 N-381 Edonav ecran 13"" 1K 4+64 Android Waze USB Navigatie 4G 360 Toslink",,KIT-381,EDT-E413V3+KIT-10-9,"10""(adaptor)"
KIT-381+EDT-E424+KIT-10-9,Navigatie TOYOTA Land Cruiser L200 Kit-381 Edotec 2 ecrane  8 core 4+128 21.6 inch Incell android Wifi 5Ghz gps internet,,KIT-381,EDT-E424+KIT-10-9,"10""(adaptor)"
KIT-381+EDT-E509-PRO+KIT-10-9,Navigatie TOYOTA Land Cruiser L200 E-381 Octa Core cu Android Radio Bluetooth Internet GPS WIFI DSP 4+64GB 4G RESIGILAT,,KIT-381,EDT-E509-PRO+KIT-10-9,"10""(adaptor)"
KIT-381+EDT-E609+KIT-10-9,Navigatie TOYOTA Land Cruiser L200 F-381 Octa Core cu Android Radio Bluetooth Internet GPS WIFI DSP 8+128GB 4G,,KIT-381,EDT-E609+KIT-10-9,"10""(adaptor)"
KIT-381+EDT-E708+KIT-10-9,"Navigatie TOYOTA Land Cruiser L200 K-381 ecran tip TESLA 9.7"" cu Android Radio Bluetooth Internet GPS WIFI 2+32GB DSP 4G",,KIT-381,EDT-E708+KIT-10-9,"10""(adaptor)"
KIT-381+EDT-E709+KIT-10-9,"Navigatie TOYOTA Land Cruiser L200 G-381 ecran tip TESLA 9.7"" cu Android Radio Bluetooth Internet GPS WIFI 4+32GB DSP 4G",,KIT-381,EDT-E709+KIT-10-9,"10""(adaptor)"
KIT-381+NAM5960Pro-A9Z+KIT-10-9,Navigatie TOYOTA Land Cruiser L200 5960Pro-381 Android Octa Core Qualcomm 2K Qled 8+128 DTS DSP 360 4G Optical,,KIT-381,NAM5960Pro-A9Z+KIT-10-9,"10""(adaptor)"
KIT-381+LITE-D4-9-4+64+KIT-10-9,Navigatie TOYOTA Land Cruiser L200 Kit-381 4+64 GB Android Waze USB Navigatie Internet Youtube Radio,,KIT-381,LITE-D4-9-4+64+KIT-10-9,"10""(adaptor)"
KIT-381+PRO-2K-9-4+64+KIT-10-9,Navigatie TOYOTA Land Cruiser L200 Kit-381 8 core QLED 2K 4+64 360 Android Waze USB Navigatie Internet Youtube Radio,,KIT-381,PRO-2K-9-4+64+KIT-10-9,"10""(adaptor)"
KIT-381+PRO-2K-9-8+256+KIT-10-9,Navigatie TOYOTA Land Cruiser L200 Kit-381 8 core QLED 2K 8+256 360 Android Waze USB Navigatie Internet Youtube Radio,,KIT-381,PRO-2K-9-8+256+KIT-10-9,"10""(adaptor)"
KIT-381+PRO-2K-9-12+256+KIT-10-9,Navigatie TOYOTA Land Cruiser L200 Kit-381 8 core QLED 2K 12+256 360 Android Waze USB Navigatie Internet Youtube Radio,,KIT-381,PRO-2K-9-12+256+KIT-10-9,"10""(adaptor)"
KIT-381+ULTRA-9-4+64+KIT-10-9,Navigatie TOYOTA Land Cruiser L200 Kit-381 8 core QLED Qualcomm 4+64 360 Android Waze USB Navigatie Internet Youtube Radio,,KIT-381,ULTRA-9-4+64+KIT-10-9,"10""(adaptor)"
KIT-381+ULTRA-2K-9-8+128+KIT-10-9,Navigatie TOYOTA Land Cruiser L200 M-381 Octa Core Android Radio Bluetooth GPS WIFI/4G DSP 2K 8+128GB 360 Toslink,,KIT-381,ULTRA-2K-9-8+128+KIT-10-9,"10""(adaptor)"
